,small_objects_threshold,dq,sq,pq,precision,recall,dice,aji,aji_plus,r2,f1_d,prec_d,rec_d,multi_pq+,multi_pq,pq+_Neoplastic,r2_Neoplastic,pq_Neoplastic,f1_Neoplastic,prec_Neoplastic,rec_Neoplastic,pq+_Inflammatory,r2_Inflammatory,pq_Inflammatory,f1_Inflammatory,prec_Inflammatory,rec_Inflammatory,pq+_Connective,r2_Connective,pq_Connective,f1_Connective,prec_Connective,rec_Connective,pq+_Dead,r2_Dead,pq_Dead,f1_Dead,prec_Dead,rec_Dead,pq+_Non-neoplastic/Epithelial,r2_Non-neoplastic/Epithelial,pq_Non-neoplastic/Epithelial,f1_Non-neoplastic/Epithelial,prec_Non-neoplastic/Epithelial,rec_Non-neoplastic/Epithelial
0,50,0.7745204716105963,0.8153913790475857,0.6394780393670284,0.7892166625983422,0.7764577135062424,0.830995267991337,0.6581245873694226,0.6788705536966212,0.7772477113373286,0.8027319780161144,0.8261621680990692,0.7805941107796083,0.45913973525063395,0.4367974241029652,0.5625338795239475,0.8381249282660476,0.5178295183986059,0.599504344450748,0.6473433066804231,0.5582494578212757,0.502493655010454,0.8239545133952475,0.3158875744883877,0.4754349338900487,0.606857345887369,0.39080196773824505,0.43397625241931814,0.6330440718349141,0.4023046327673301,0.46370040515384897,0.3967768130426635,0.557780119423955,0.27862153501156184,0.7644250244838726,0.15200391162383112,0.34841628959276016,0.3422222222222222,0.3548387096774194,0.5180733542878884,0.8266900187065662,0.45259564015378184,0.5662228451296426,0.6324853228962818,0.5125277513479226
