,Tissue name,bPQ,mPQ
0,Auditory Cortex,0.6991512250515224,0.0
1,Cerebellum,0.7925150446158167,0.0
2,mean,0.7458331348336695,0.0
3,std,0.046681909782147146,0.0
