,Tissue name,bPQ,mPQ
0,Auditory Cortex,0.6991378215032379,0.0
1,Cerebellum,0.7925249366757912,0.0
2,mean,0.7458313790895146,0.0
3,std,0.046693557586276635,0.0
